"split","Overall","AR","CP","FP-C","FP-S","LR","RR","action_recognition","attribute_comparison","attribute_recognition","celebrity_recognition","function_reasoning","future_prediction","identity_reasoning","image_emotion","image_quality","image_scene","image_style","image_topic","nature_relation","object_localization","ocr","physical_property_reasoning","physical_relation","social_relation","spatial_relationship","structuralized_imagetext_understanding"
"dev","0.4269759450171821","0.5175879396984925","0.5236486486486487","0.2937062937062937","0.4402730375426621","0.17796610169491525","0.40869565217391307","0.5925925925925926","0.18181818181818182","0.527027027027027","0.6262626262626263","0.6075949367088608","0.075","0.8222222222222222","0.3","0.03773584905660377","0.7788461538461539","0.6792452830188679","0.5833333333333334","0.3333333333333333","0.13580246913580246","0.4358974358974359","0.24","0.125","0.6511627906976745","0.044444444444444446","0.23076923076923078"
